"","dates","departments","force","numbers","officers","url"
"1","02/27/2019"," Contra Costa County District Attorney; Richmond Police Department in Contra Costa County","Case types:ForceShooting","m-e8d98b76e802-jjq","used force:Kristian PalmaSource","https://clean.latimes.com/?page=274"
"2","02/26/2019"," Tuolumne County Sheriff","Case type:Misconduct","m-e87550049af5-gol","misconduct:Rodney HobbsSource","https://clean.latimes.com/?page=274"
"3","02/26/2019"," Hayward Police Department in Alameda County","Case type:Force","m-ce46e3abfe07-qri","used force:Darin Beyer; Armando DiazSource","https://clean.latimes.com/?page=274"
"4","02/26/2019 – 03/05/2019"," Alhambra Police Department in Los Angeles County; Los Angeles County District Attorney; Los Angeles County Medical Examiner","Case type:Force","m-7140deb79640-ugy","used force:Kristopher Flores; Kevin KuaSource","https://clean.latimes.com/?page=274"
"5","02/26/2019"," San Diego County Medical Examiner's Office","Case type:Force","m-43d16d0a8d8a-iti","Source","https://clean.latimes.com/?page=274"
"6","02/26/2019"," Los Angeles Police Department","Case type:Force","m-2aa0378c867f-fqm","used force:Francisco Acevedo; Leonel Bermudez; Edward MonteagudoSource","https://clean.latimes.com/?page=274"
"7","02/25/2019 – 02/26/2019"," Sacramento County Sheriff","Case type:Force","m-b95ae524153c-yrr","used force:Blake Grinder; John Higley; Daniel SimsSource","https://clean.latimes.com/?page=274"
"8","02/24/2019"," Los Angeles County Probation Department","Case types:ForceMisconduct","m-efcac2844c9c-tkm","misconduct:Edward Wandrickused force:Edward WandrickSource","https://clean.latimes.com/?page=274"
"9","02/24/2019"," San Francisco Police Department","Case type:Force","m-e0d79707b177-iak","used force: GriffinSource","https://clean.latimes.com/?page=274"
"10","02/23/2019"," Fresno County Sheriff","Case type:Force","m-fab67334345a-kap","used force:Marvin Haynes; Robert SalgadoSource","https://clean.latimes.com/?page=274"
